temperature,humidity,pressure,wind_speed,weather
-1.27287984137599,-1.0013802629067676,1.7928429140015905,-1.2329685277172573,1
1.3192718173714715,-0.5462074161309642,-1.1952286093343936,0.29638666531664837,2
-1.0061259794019788,-0.39448313387236317,0.0,-0.9247263957879429,1
0.7683671024251432,1.8813811000066538,0.0,0.29638666531664837,1
0.19136690098135734,0.06068971290344023,-0.5976143046671968,1.5649215928719031,0
